,isi_tweet,label,case_folding,remove_user,cleansing,tokenizing,normalization,remove_stop_word,stemming
0,RT @Marchfoward: Pakistan berduka hari ini apabila Abdul Qadeer Khan Bapa Nuklear Pakistan meninggal dunia pada usia 85 tahun akibat Covid‚Ä¶,neg,rt @marchfoward: pakistan berduka hari ini apabila abdul qadeer khan bapa nuklear pakistan meninggal dunia pada usia 85 tahun akibat covid‚Ä¶,rt : pakistan berduka hari ini apabila abdul qadeer khan bapa nuklear pakistan meninggal dunia pada usia 85 tahun akibat covid‚Ä¶,  pakistan berduka hari ini apabila abdul qadeer khan bapa nuklear pakistan meninggal dunia pada usia  tahun akibat covid,"['pakistan', 'berduka', 'hari', 'ini', 'apabila', 'abdul', 'qadeer', 'khan', 'bapa', 'nuklear', 'pakistan', 'meninggal', 'dunia', 'pada', 'usia', 'tahun', 'akibat', 'covid']","['pakistan', 'berduka', 'hari', 'ini', 'apabila', 'abdul', 'qadeer', 'kan', 'bapa', 'nuklear', 'pakistan', 'meninggal', 'dunia', 'pada', 'usia', 'tahun', 'akibat', 'covid']","['pakistan', 'berduka', 'abdul', 'qadeer', 'bapa', 'nuklear', 'pakistan', 'meninggal', 'dunia', 'usia', 'akibat', 'covid']","['pakistan', 'duka', 'abdul', 'qadeer', 'bapa', 'nuklear', 'pakistan', 'tinggal', 'dunia', 'usia', 'akibat', 'covid']"
1,"RT @redzuanNewsMPB: Kerajaan tidak mewajibkan orang ramai yang ingin rentas negeri bermula esok untuk buat ujian swab Covid-19, namun adala‚Ä¶",neg,"rt @redzuannewsmpb: kerajaan tidak mewajibkan orang ramai yang ingin rentas negeri bermula esok untuk buat ujian swab covid-19, namun adala‚Ä¶","rt : kerajaan tidak mewajibkan orang ramai yang ingin rentas negeri bermula esok untuk buat ujian swab covid-19, namun adala‚Ä¶",  kerajaan tidak mewajibkan orang ramai yang ingin rentas negeri bermula esok untuk buat ujian swab covid namun adala,"['kerajaan', 'tidak', 'mewajibkan', 'orang', 'ramai', 'yang', 'ingin', 'rentas', 'negeri', 'bermula', 'esok', 'untuk', 'buat', 'ujian', 'swab', 'covid', 'namun', 'adala']","['kerajaan', 'tidak', 'mewajibkan', 'orang', 'ramai', 'yang', 'ingin', 'rentas', 'negeri', 'bermula', 'esok', 'untuk', 'buat', 'ujian', 'swab', 'covid', 'namun', 'adalah']","['kerajaan', 'mewajibkan', 'orang', 'ramai', 'rentas', 'negeri', 'esok', 'ujian', 'swab', 'covid']","['raja', 'wajib', 'orang', 'ramai', 'rentas', 'negeri', 'esok', 'uji', 'swab', 'covid']"
2,"Pengumuman tersebut disampaikan oleh Menteri Perhubungan Inggris Grant Shapps pada Kamis, 7 Oktober 2021, pukul 17.‚Ä¶ https://t.co/VildJgnrZ4",neutral,"pengumuman tersebut disampaikan oleh menteri perhubungan inggris grant shapps pada kamis, 7 oktober 2021, pukul 17.‚Ä¶ https://t.co/vildjgnrz4","pengumuman tersebut disampaikan oleh menteri perhubungan inggris grant shapps pada kamis, 7 oktober 2021, pukul 17.‚Ä¶ https://t.co/vildjgnrz4",pengumuman tersebut disampaikan oleh menteri perhubungan inggris grant shapps pada kamis  oktober  pukul ,"['pengumuman', 'tersebut', 'disampaikan', 'oleh', 'menteri', 'perhubungan', 'inggris', 'grant', 'shapps', 'pada', 'kamis', 'oktober', 'pukul']","['pengumuman', 'tersebut', 'disampaikan', 'oleh', 'menteri', 'perhubungan', 'inggris', 'grant', 'shapps', 'pada', 'kamis', 'oktober', 'pukul']","['pengumuman', 'menteri', 'perhubungan', 'inggris', 'grant', 'shapps', 'kamis', 'oktober']","['umum', 'menteri', 'hubung', 'inggris', 'grant', 'shapps', 'kamis', 'oktober']"
3,"@hsnwan @anthraxxx781 Aik? Memang la, atleast terlindung juga dari covid, kalau yg tak ambik vaccine tu sah sah la‚Ä¶ https://t.co/DJytIAWuFV",pos,"@hsnwan @anthraxxx781 aik? memang la, atleast terlindung juga dari covid, kalau yg tak ambik vaccine tu sah sah la‚Ä¶ https://t.co/djytiawufv","  aik? memang la, atleast terlindung juga dari covid, kalau yg tak ambik vaccine tu sah sah la‚Ä¶ https://t.co/djytiawufv",aik memang la atleast terlindung juga dari covid kalau yg tak ambik vaccine tu sah sah la,"['aik', 'memang', 'la', 'atleast', 'terlindung', 'juga', 'dari', 'covid', 'kalau', 'yg', 'tak', 'ambik', 'vaccine', 'tu', 'sah', 'sah', 'la']","['aik', 'memang', 'lah', 'atleast', 'terlindung', 'juga', 'dari', 'covid', 'kalau', 'yang', 'tak', 'ambil', 'vaccine', 'itu', 'sah', 'sah', 'lah']","['aik', 'atleast', 'terlindung', 'covid', 'ambil', 'vaccine', 'sah', 'sah']","['aik', 'atleast', 'lindung', 'covid', 'ambil', 'vaccine', 'sah', 'sah']"
4,RT @purwantoraharjo: @kumur69 @ChusnulCh__ Kita lihat punya malu gak @na_dirs melihat negara2 yg dibanggakan mengalami lonjakan tinggi covi‚Ä¶,neg,rt @purwantoraharjo: @kumur69 @chusnulch__ kita lihat punya malu gak @na_dirs melihat negara2 yg dibanggakan mengalami lonjakan tinggi covi‚Ä¶,rt :   kita lihat punya malu gak  melihat negara2 yg dibanggakan mengalami lonjakan tinggi covi‚Ä¶,  kita lihat punya malu gak melihat negara yg dibanggakan mengalami lonjakan tinggi covi,"['kita', 'lihat', 'punya', 'malu', 'gak', 'melihat', 'negara', 'yg', 'dibanggakan', 'mengalami', 'lonjakan', 'tinggi', 'covi']","['kita', 'lihat', 'punya', 'malu', 'tidak', 'melihat', 'negara', 'yang', 'dibanggakan', 'mengalami', 'lonjakan', 'tinggi', 'covi']","['lihat', 'malu', 'negara', 'dibanggakan', 'mengalami', 'lonjakan', 'covi']","['lihat', 'malu', 'negara', 'bangga', 'alami', 'lonjak', 'covi']"
5,"RT @nhyartsMY: Rindu nak jalan-jalan sebelum ada Covid ni... ü•∫

Kat mana tempat pertama korang akan pergi bila dah boleh rentas negeri? Let‚Ä¶",neg,"rt @nhyartsmy: rindu nak jalan-jalan sebelum ada covid ni... ü•∫

kat mana tempat pertama korang akan pergi bila dah boleh rentas negeri? let‚Ä¶","rt : rindu nak jalan-jalan sebelum ada covid ni... ü•∫

kat mana tempat pertama korang akan pergi bila dah boleh rentas negeri? let‚Ä¶",  rindu nak jalanjalan sebelum ada covid ni  kat mana tempat peama korang akan pergi bila dah boleh rentas negeri let,"['rindu', 'nak', 'jalanjalan', 'sebelum', 'ada', 'covid', 'ni', 'kat', 'mana', 'tempat', 'peama', 'korang', 'akan', 'pergi', 'bila', 'dah', 'boleh', 'rentas', 'negeri', 'let']","['rindu', 'nak', 'jalan jalan', 'sebelum', 'ada', 'covid', 'nih', 'kat', 'mana', 'tempat', 'peama', 'korang', 'akan', 'pergi', 'bila', 'sudah', 'boleh', 'rentas', 'negeri', 'let']","['rindu', 'nak', 'jalan jalan', 'covid', 'kat', 'peama', 'korang', 'pergi', 'rentas', 'negeri', 'let']","['rindu', 'nak', 'jalan jalan', 'covid', 'kat', 'peama', 'korang', 'pergi', 'rentas', 'negeri', 'let']"
6,"@ProfesorZubairi Ini ""karen covid 19 atau dengan covid 19"" Prof??",neg,"@profesorzubairi ini ""karen covid 19 atau dengan covid 19"" prof??"," ini ""karen covid 19 atau dengan covid 19"" prof??",ini karen covid  atau dengan covid  prof,"['ini', 'karen', 'covid', 'atau', 'dengan', 'covid', 'prof']","['ini', 'karen', 'covid', 'atau', 'dengan', 'covid', 'prof']","['karen', 'covid', 'covid', 'prof']","['karen', 'covid', 'covid', 'prof']"
7,Indonesia resmi keluar dari kategori ‚Äòred list‚Äô atau daftar zona merah Covid-19 versi Inggris terhitung mulai Senin‚Ä¶ https://t.co/JxsfjWWRpp,pos,indonesia resmi keluar dari kategori ‚Äòred list‚Äô atau daftar zona merah covid-19 versi inggris terhitung mulai senin‚Ä¶ https://t.co/jxsfjwwrpp,indonesia resmi keluar dari kategori ‚Äòred list‚Äô atau daftar zona merah covid-19 versi inggris terhitung mulai senin‚Ä¶ https://t.co/jxsfjwwrpp,indonesia resmi keluar dari kategori red list atau daftar zona merah covid versi inggris terhitung mulai senin,"['indonesia', 'resmi', 'keluar', 'dari', 'kategori', 'red', 'list', 'atau', 'daftar', 'zona', 'merah', 'covid', 'versi', 'inggris', 'terhitung', 'mulai', 'senin']","['indonesia', 'resmi', 'keluar', 'dari', 'kategori', 'red', 'list', 'atau', 'daftar', 'zona', 'merah', 'covid', 'versi', 'inggris', 'terhitung', 'mulai', 'senin']","['indonesia', 'resmi', 'kategori', 'red', 'list', 'daftar', 'zona', 'merah', 'covid', 'versi', 'inggris', 'terhitung', 'senin']","['indonesia', 'resmi', 'kategori', 'red', 'list', 'daftar', 'zona', 'merah', 'covid', 'versi', 'inggris', 'hitung', 'senin']"
8,"RT @thatasyofian: selain melakukan vaksinasi Covid-19 di Desa Sukamantri, pihak Calvin juga memberikan pelayanan untuk masyarakat sekitar d‚Ä¶",pos,"rt @thatasyofian: selain melakukan vaksinasi covid-19 di desa sukamantri, pihak calvin juga memberikan pelayanan untuk masyarakat sekitar d‚Ä¶","rt : selain melakukan vaksinasi covid-19 di desa sukamantri, pihak calvin juga memberikan pelayanan untuk masyarakat sekitar d‚Ä¶",  selain melakukan vaksinasi covid di desa sukamantri pihak calvin juga memberikan pelayanan untuk masyarakat sekitar ,"['selain', 'melakukan', 'vaksinasi', 'covid', 'di', 'desa', 'sukamantri', 'pihak', 'calvin', 'juga', 'memberikan', 'pelayanan', 'untuk', 'masyarakat', 'sekitar']","['selain', 'melakukan', 'vaksinasi', 'covid', 'di', 'desa', 'sukamantri', 'pihak', 'calvin', 'juga', 'memberikan', 'pelayanan', 'untuk', 'masyarakat', 'sekitar']","['vaksinasi', 'covid', 'desa', 'sukamantri', 'calvin', 'pelayanan', 'masyarakat']","['vaksinasi', 'covid', 'desa', 'sukamantri', 'calvin', 'layan', 'masyarakat']"
9,RT @XavierNaxa: Kit ujian kendiri boleh dibeli serendah RM16.50. Buatlah saringan Covid-19 sebelum pulang ke kampung walaupun kita merasaka‚Ä¶,neutral,rt @xaviernaxa: kit ujian kendiri boleh dibeli serendah rm16.50. buatlah saringan covid-19 sebelum pulang ke kampung walaupun kita merasaka‚Ä¶,rt : kit ujian kendiri boleh dibeli serendah rm16.50. buatlah saringan covid-19 sebelum pulang ke kampung walaupun kita merasaka‚Ä¶,  kit ujian kendiri boleh dibeli serendah rm buatlah saringan covid sebelum pulang ke kampung walaupun kita merasaka,"['kit', 'ujian', 'kendiri', 'boleh', 'dibeli', 'serendah', 'rm', 'buatlah', 'saringan', 'covid', 'sebelum', 'pulang', 'ke', 'kampung', 'walaupun', 'kita', 'merasaka']","['kit', 'ujian', 'kendiri', 'boleh', 'dibeli', 'serendah', 'rm', 'buatlah', 'saringan', 'covid', 'sebelum', 'pulang', 'ke', 'kampung', 'walaupun', 'kita', 'merasaka']","['kit', 'ujian', 'kendiri', 'dibeli', 'serendah', 'rm', 'buatlah', 'saringan', 'covid', 'pulang', 'kampung', 'merasaka']","['kit', 'uji', 'kendiri', 'beli', 'serendah', 'rm', 'buat', 'saring', 'covid', 'pulang', 'kampung', 'merasaka']"
10,"https://t.co/nk3g9NTdey¬†- Pemulihan ekonomi masyarakat menjadi salah satu prioritas utama Wali Kota Surabaya, Eri C‚Ä¶ https://t.co/zUIyh6zB1L",pos,"https://t.co/nk3g9ntdey¬†- pemulihan ekonomi masyarakat menjadi salah satu prioritas utama wali kota surabaya, eri c‚Ä¶ https://t.co/zuiyh6zb1l","https://t.co/nk3g9ntdey¬†- pemulihan ekonomi masyarakat menjadi salah satu prioritas utama wali kota surabaya, eri c‚Ä¶ https://t.co/zuiyh6zb1l",pemulihan ekonomi masyarakat menjadi salah satu prioritas utama wali kota surabaya eri ,"['pemulihan', 'ekonomi', 'masyarakat', 'menjadi', 'salah', 'satu', 'prioritas', 'utama', 'wali', 'kota', 'surabaya', 'eri']","['pemulihan', 'ekonomi', 'masyarakat', 'menjadi', 'salah', 'satu', 'prioritas', 'utama', 'wali', 'kota', 'surabaya', 'eri']","['pemulihan', 'ekonomi', 'masyarakat', 'salah', 'prioritas', 'utama', 'wali', 'kota', 'surabaya', 'eri']","['pulih', 'ekonomi', 'masyarakat', 'salah', 'prioritas', 'utama', 'wali', 'kota', 'surabaya', 'eri']"
11,"RT @Pencerah__: I. Budiman Sudjatmiko menyampaikan bahwa, pandemi Covid-19 memaksa manusia untuk berpikir ilmiah serta harus berdasarkan da‚Ä¶",neutral,"rt @pencerah__: i. budiman sudjatmiko menyampaikan bahwa, pandemi covid-19 memaksa manusia untuk berpikir ilmiah serta harus berdasarkan da‚Ä¶","rt : i. budiman sudjatmiko menyampaikan bahwa, pandemi covid-19 memaksa manusia untuk berpikir ilmiah serta harus berdasarkan da‚Ä¶",   budiman sudjatmiko menyampaikan bahwa pandemi covid memaksa manusia untuk berpikir ilmiah sea harus berdasarkan da,"['budiman', 'sudjatmiko', 'menyampaikan', 'bahwa', 'pandemi', 'covid', 'memaksa', 'manusia', 'untuk', 'berpikir', 'ilmiah', 'sea', 'harus', 'berdasarkan', 'da']","['budiman', 'sudjatmiko', 'menyampaikan', 'bahwa', 'pandemi', 'covid', 'memaksa', 'manusia', 'untuk', 'berpikir', 'ilmiah', 'sea', 'harus', 'berdasarkan', 'dan']","['budiman', 'sudjatmiko', 'pandemi', 'covid', 'memaksa', 'manusia', 'berpikir', 'ilmiah', 'sea', 'berdasarkan']","['budiman', 'sudjatmiko', 'pandemi', 'covid', 'paksa', 'manusia', 'pikir', 'ilmiah', 'sea', 'dasar']"
12,"RT @reezal_merican: Setelah lebih setahun kita bergelut dlm pandemik COVID-19, #HSN2021 membawa simbol besar kali ini iaitu kejayaan Malays‚Ä¶",pos,"rt @reezal_merican: setelah lebih setahun kita bergelut dlm pandemik covid-19, #hsn2021 membawa simbol besar kali ini iaitu kejayaan malays‚Ä¶","rt : setelah lebih setahun kita bergelut dlm pandemik covid-19, #hsn2021 membawa simbol besar kali ini iaitu kejayaan malays‚Ä¶",  setelah lebih setahun kita bergelut dlm pandemik covid membawa simbol besar kali ini iaitu kejayaan malays,"['setelah', 'lebih', 'setahun', 'kita', 'bergelut', 'dlm', 'pandemik', 'covid', 'membawa', 'simbol', 'besar', 'kali', 'ini', 'iaitu', 'kejayaan', 'malays']","['setelah', 'lebih', 'setahun', 'kita', 'bergelut', 'dalam', 'pandemik', 'covid', 'membawa', 'simbol', 'besar', 'kali', 'ini', 'iaitu', 'kejayaan', 'malays']","['setahun', 'bergelut', 'pandemik', 'covid', 'membawa', 'simbol', 'kali', 'iaitu', 'kejayaan', 'malays']","['tahun', 'gelut', 'pandemik', 'covid', 'bawa', 'simbol', 'kali', 'iaitu', 'jaya', 'malays']"
13,"RT @FarisNazrin18: 2 tahun lalu sebelum COVID-19 melanda, aku pernah termenung lama di atas jambatan ini waktu lunch break. Jauh aku terfik‚Ä¶",neg,"rt @farisnazrin18: 2 tahun lalu sebelum covid-19 melanda, aku pernah termenung lama di atas jambatan ini waktu lunch break. jauh aku terfik‚Ä¶","rt : 2 tahun lalu sebelum covid-19 melanda, aku pernah termenung lama di atas jambatan ini waktu lunch break. jauh aku terfik‚Ä¶",   tahun lalu sebelum covid melanda aku pernah termenung lama di atas jambatan ini waktu lunch break jauh aku terfik,"['tahun', 'lalu', 'sebelum', 'covid', 'melanda', 'aku', 'pernah', 'termenung', 'lama', 'di', 'atas', 'jambatan', 'ini', 'waktu', 'lunch', 'break', 'jauh', 'aku', 'terfik']","['tahun', 'lalu', 'sebelum', 'covid', 'melanda', 'aku', 'pernah', 'termenung', 'lama', 'di', 'atas', 'jambatan', 'ini', 'waktu', 'lunch', 'break', 'jauh', 'aku', 'terfik']","['covid', 'melanda', 'termenung', 'jambatan', 'lunch', 'break', 'terfik']","['covid', 'landa', 'menung', 'jambat', 'lunch', 'break', 'terfik']"
14,"RT @taerajin_: menurut pemberitauan dri temn ku, di USA kondisi covid udh ga begitu buruk lgi dri seblmnya, tapi mereka msh mengikuti proto‚Ä¶",neutral,"rt @taerajin_: menurut pemberitauan dri temn ku, di usa kondisi covid udh ga begitu buruk lgi dri seblmnya, tapi mereka msh mengikuti proto‚Ä¶","rt : menurut pemberitauan dri temn ku, di usa kondisi covid udh ga begitu buruk lgi dri seblmnya, tapi mereka msh mengikuti proto‚Ä¶",  menurut pemberitauan dri temn ku di usa kondisi covid udh ga begitu buruk lgi dri seblmnya tapi mereka msh mengikuti proto,"['menurut', 'pemberitauan', 'dri', 'temn', 'ku', 'di', 'usa', 'kondisi', 'covid', 'udh', 'ga', 'begitu', 'buruk', 'lgi', 'dri', 'seblmnya', 'tapi', 'mereka', 'msh', 'mengikuti', 'proto']","['menurut', 'pemberitauan', 'dari', 'temn', 'ku', 'di', 'united state of america', 'kondisi', 'covid', 'sudah', 'tidak', 'begitu', 'buruk', 'lagi', 'dari', 'seblmnya', 'tapi', 'mereka', 'masih', 'mengikuti', 'proto']","['pemberitauan', 'temn', 'ku', 'united state of america', 'kondisi', 'covid', 'buruk', 'seblmnya', 'mengikuti', 'proto']","['pemberitauan', 'temn', 'ku', 'united state of america', 'kondisi', 'covid', 'buruk', 'seblmnya', 'ikut', 'proto']"
15,24 hari kes pulih melebihi jangkitan baharu Covid-19 https://t.co/oKOzOCdZOU,neutral,24 hari kes pulih melebihi jangkitan baharu covid-19 https://t.co/okozocdzou,24 hari kes pulih melebihi jangkitan baharu covid-19 https://t.co/okozocdzou, hari kes pulih melebihi jangkitan baharu covid,"['hari', 'kes', 'pulih', 'melebihi', 'jangkitan', 'baharu', 'covid']","['hari', 'kes', 'pulih', 'melebihi', 'jangkitan', 'baharu', 'covid']","['kes', 'pulih', 'melebihi', 'jangkitan', 'baharu', 'covid']","['kes', 'pulih', 'lebih', 'jangkit', 'baharu', 'covid']"
16,"Kasus Covid-19 Hari Ini, DKI Jakarta Terbanyak¬† https://t.co/3c7S70YcDs",neg,"kasus covid-19 hari ini, dki jakarta terbanyak¬† https://t.co/3c7s70ycds","kasus covid-19 hari ini, dki jakarta terbanyak¬† https://t.co/3c7s70ycds",kasus covid hari ini dki jakaa terbanyak,"['kasus', 'covid', 'hari', 'ini', 'dki', 'jakaa', 'terbanyak']","['kasus', 'covid', 'hari', 'ini', 'daerah khusus ibukota', 'jakaa', 'terbanyak']","['covid', 'daerah khusus ibukota', 'jakaa']","['covid', 'daerah khusus ibukota', 'jakaa']"
17,"Molnupiravir Jadi Obat Covid-19, Kemenkes: Masih Tunggu Uji Klinis BPOM
Selengkapnya: üëá #ObatCovid19
https://t.co/GoQVjPN1I7",neg,"molnupiravir jadi obat covid-19, kemenkes: masih tunggu uji klinis bpom
selengkapnya: üëá #obatcovid19
https://t.co/goqvjpn1i7","molnupiravir jadi obat covid-19, kemenkes: masih tunggu uji klinis bpom
selengkapnya: üëá #obatcovid19
https://t.co/goqvjpn1i7",molnupiravir jadi obat covid kemenkes masih tunggu uji klinis bpom selengkapnya ,"['molnupiravir', 'jadi', 'obat', 'covid', 'kemenkes', 'masih', 'tunggu', 'uji', 'klinis', 'bpom', 'selengkapnya']","['molnupiravir', 'jadi', 'obat', 'covid', 'kemenkes', 'masih', 'tunggu', 'uji', 'klinis', 'badan pengawas obat dan makanan', 'selengkapnya']","['molnupiravir', 'obat', 'covid', 'kemenkes', 'tunggu', 'uji', 'klinis', 'badan pengawas obat dan makanan', 'selengkapnya']","['molnupiravir', 'obat', 'covid', 'kemenkes', 'tunggu', 'uji', 'klinis', 'badan awas obat dan makan', 'lengkap']"
18,Indonesia Resmi Keluar dari Daftar Zona Merah Covid-19 Versi Inggris #ZonaHijauCovid https://t.co/M0D7W00SCl,pos,indonesia resmi keluar dari daftar zona merah covid-19 versi inggris #zonahijaucovid https://t.co/m0d7w00scl,indonesia resmi keluar dari daftar zona merah covid-19 versi inggris #zonahijaucovid https://t.co/m0d7w00scl,indonesia resmi keluar dari daftar zona merah covid versi inggris,"['indonesia', 'resmi', 'keluar', 'dari', 'daftar', 'zona', 'merah', 'covid', 'versi', 'inggris']","['indonesia', 'resmi', 'keluar', 'dari', 'daftar', 'zona', 'merah', 'covid', 'versi', 'inggris']","['indonesia', 'resmi', 'daftar', 'zona', 'merah', 'covid', 'versi', 'inggris']","['indonesia', 'resmi', 'daftar', 'zona', 'merah', 'covid', 'versi', 'inggris']"
19,gue kira positif covid awalnyaüôÉ https://t.co/dc23y6EHXE,neg,gue kira positif covid awalnyaüôÉ https://t.co/dc23y6ehxe,gue kira positif covid awalnyaüôÉ https://t.co/dc23y6ehxe,gue kira positif covid awalnya,"['gue', 'kira', 'positif', 'covid', 'awalnya']","['gue', 'kira', 'positif', 'covid', 'awalnya']","['positif', 'covid']","['positif', 'covid']"
20,"Cegah Covid-19, Polsek Basarang Patroli Dialogis Ajak Warga Bersama Patuhi Protokol¬†Kesehatan https://t.co/ZTDZwyswTy",neg,"cegah covid-19, polsek basarang patroli dialogis ajak warga bersama patuhi protokol¬†kesehatan https://t.co/ztdzwyswty","cegah covid-19, polsek basarang patroli dialogis ajak warga bersama patuhi protokol¬†kesehatan https://t.co/ztdzwyswty",cegah covid polsek basarang patroli dialogis ajak warga bersama patuhi protokolkesehatan,"['cegah', 'covid', 'polsek', 'basarang', 'patroli', 'dialogis', 'ajak', 'warga', 'bersama', 'patuhi', 'protokolkesehatan']","['cegah', 'covid', 'kepolisian sektor', 'basarang', 'patroli', 'dialogis', 'ajak', 'warga', 'bersama', 'patuhi', 'protokolkesehatan']","['cegah', 'covid', 'kepolisian sektor', 'basarang', 'patroli', 'dialogis', 'ajak', 'warga', 'patuhi', 'protokolkesehatan']","['cegah', 'covid', 'polisi sektor', 'basarang', 'patroli', 'dialogis', 'ajak', 'warga', 'patuh', 'protokolkesehatan']"
21,RT @JudiMargan2: @AaBay81 @iyuk1975 @na_dirs Otak bebal mana mungkin bisa ngasih saran... maksudmu saran dari Kadrun otak sungsang ... mere‚Ä¶,pos,rt @judimargan2: @aabay81 @iyuk1975 @na_dirs otak bebal mana mungkin bisa ngasih saran... maksudmu saran dari kadrun otak sungsang ... mere‚Ä¶,rt :    otak bebal mana mungkin bisa ngasih saran... maksudmu saran dari kadrun otak sungsang ... mere‚Ä¶,  otak bebal mana mungkin bisa ngasih saran maksudmu saran dari kadrun otak sungsang  mere,"['otak', 'bebal', 'mana', 'mungkin', 'bisa', 'ngasih', 'saran', 'maksudmu', 'saran', 'dari', 'kadrun', 'otak', 'sungsang', 'mere']","['otak', 'bebal', 'mana', 'mungkin', 'bisa', 'memberi', 'saran', 'maksudmu', 'saran', 'dari', 'kadrun', 'otak', 'sungsang', 'mere']","['otak', 'bebal', 'saran', 'maksudmu', 'saran', 'kadrun', 'otak', 'sungsang', 'mere']","['otak', 'bebal', 'saran', 'maksud', 'saran', 'kadrun', 'otak', 'sungsang', 'mere']"
22,"RT @Uki23: Kalo Covid gak terkendali ya salah Jokowi. Kalo terkendali ya jasanya @LaporCovid. Gitu lho.

Indonesia Urutan Teratas Se-Asia T‚Ä¶",neg,"rt @uki23: kalo covid gak terkendali ya salah jokowi. kalo terkendali ya jasanya @laporcovid. gitu lho.

indonesia urutan teratas se-asia t‚Ä¶","rt : kalo covid gak terkendali ya salah jokowi. kalo terkendali ya jasanya . gitu lho.

indonesia urutan teratas se-asia t‚Ä¶",  kalo covid gak terkendali ya salah jokowi kalo terkendali ya jasanya  gitu lho indonesia urutan teratas seasia ,"['kalo', 'covid', 'gak', 'terkendali', 'ya', 'salah', 'jokowi', 'kalo', 'terkendali', 'ya', 'jasanya', 'gitu', 'lho', 'indonesia', 'urutan', 'teratas', 'seasia']","['kalau', 'covid', 'tidak', 'terkendali', 'ya', 'salah', 'jokowi', 'kalau', 'terkendali', 'ya', 'jasanya', 'begitu', 'lo', 'indonesia', 'urutan', 'teratas', 'seasia']","['covid', 'terkendali', 'salah', 'jokowi', 'terkendali', 'jasanya', 'lo', 'indonesia', 'urutan', 'teratas', 'seasia']","['covid', 'kendali', 'salah', 'jokowi', 'kendali', 'jasa', 'lo', 'indonesia', 'urut', 'atas', 'seasia']"
23,RT @pijarpsikologi: Pandemi Covid-19 telah memberikan dampak yang cukup besar pada kesehatan mental masyarakat. Kesehatan mental adalah hak‚Ä¶,neutral,rt @pijarpsikologi: pandemi covid-19 telah memberikan dampak yang cukup besar pada kesehatan mental masyarakat. kesehatan mental adalah hak‚Ä¶,rt : pandemi covid-19 telah memberikan dampak yang cukup besar pada kesehatan mental masyarakat. kesehatan mental adalah hak‚Ä¶,  pandemi covid telah memberikan dampak yang cukup besar pada kesehatan mental masyarakat kesehatan mental adalah hak,"['pandemi', 'covid', 'telah', 'memberikan', 'dampak', 'yang', 'cukup', 'besar', 'pada', 'kesehatan', 'mental', 'masyarakat', 'kesehatan', 'mental', 'adalah', 'hak']","['pandemi', 'covid', 'telah', 'memberikan', 'dampak', 'yang', 'cukup', 'besar', 'pada', 'kesehatan', 'mental', 'masyarakat', 'kesehatan', 'mental', 'adalah', 'hak']","['pandemi', 'covid', 'dampak', 'kesehatan', 'mental', 'masyarakat', 'kesehatan', 'mental', 'hak']","['pandemi', 'covid', 'dampak', 'sehat', 'mental', 'masyarakat', 'sehat', 'mental', 'hak']"
24,Diabetes Jadi Penyerta Kematian Covid-19 Tertinggi di Batam https://t.co/IKw7OeglrK,neg,diabetes jadi penyerta kematian covid-19 tertinggi di batam https://t.co/ikw7oeglrk,diabetes jadi penyerta kematian covid-19 tertinggi di batam https://t.co/ikw7oeglrk,diabetes jadi penyea kematian covid teinggi di batam,"['diabetes', 'jadi', 'penyea', 'kematian', 'covid', 'teinggi', 'di', 'batam']","['diabetes', 'jadi', 'penyea', 'kematian', 'covid', 'teinggi', 'di', 'batam']","['diabetes', 'penyea', 'kematian', 'covid', 'teinggi', 'batam']","['diabetes', 'penyea', 'mati', 'covid', 'teinggi', 'batam']"
25,"RT @rahahahafiz: Harga balik kampung Saliva Covid-19 Test kit RM15 sekotak!

Whatsapp: https://t.co/QPEVh1wOkj lepas tu cakap nak balik kam‚Ä¶",neg,"rt @rahahahafiz: harga balik kampung saliva covid-19 test kit rm15 sekotak!

whatsapp: https://t.co/qpevh1wokj lepas tu cakap nak balik kam‚Ä¶","rt : harga balik kampung saliva covid-19 test kit rm15 sekotak!

whatsapp: https://t.co/qpevh1wokj lepas tu cakap nak balik kam‚Ä¶",  harga balik kampung saliva covid test kit rm sekotak whatsapp lepas tu cakap nak balik kam,"['harga', 'balik', 'kampung', 'saliva', 'covid', 'test', 'kit', 'rm', 'sekotak', 'whatsapp', 'lepas', 'tu', 'cakap', 'nak', 'balik', 'kam']","['harga', 'balik', 'kampung', 'saliva', 'covid', 'tes', 'kit', 'rm', 'sekotak', 'whatsapp', 'lepas', 'itu', 'cakap', 'nak', 'balik', 'kamu']","['harga', 'kampung', 'saliva', 'covid', 'tes', 'kit', 'rm', 'sekotak', 'whatsapp', 'lepas', 'cakap', 'nak']","['harga', 'kampung', 'saliva', 'covid', 'tes', 'kit', 'rm', 'kotak', 'whatsapp', 'lepas', 'cakap', 'nak']"
26,"Udah 3 bulan pasca covid tapi kapan yaa brain fog ini hilang.
Buat aku yang tiap hari kerjaan berhubungan sama hitu‚Ä¶ https://t.co/lRT0X6iccv",neg,"udah 3 bulan pasca covid tapi kapan yaa brain fog ini hilang.
buat aku yang tiap hari kerjaan berhubungan sama hitu‚Ä¶ https://t.co/lrt0x6iccv","udah 3 bulan pasca covid tapi kapan yaa brain fog ini hilang.
buat aku yang tiap hari kerjaan berhubungan sama hitu‚Ä¶ https://t.co/lrt0x6iccv",udah  bulan pasca covid tapi kapan yaa brain fog ini hilang buat aku yang tiap hari kerjaan berhubungan sama hitu,"['udah', 'bulan', 'pasca', 'covid', 'tapi', 'kapan', 'yaa', 'brain', 'fog', 'ini', 'hilang', 'buat', 'aku', 'yang', 'tiap', 'hari', 'kerjaan', 'berhubungan', 'sama', 'hitu']","['sudah', 'bulan', 'pasca', 'covid', 'tapi', 'kapan', 'ya', 'brain', 'fog', 'ini', 'hilang', 'buat', 'aku', 'yang', 'tiap', 'hari', 'pekerjaan', 'berhubungan', 'sama', 'hitu']","['pasca', 'covid', 'brain', 'fog', 'hilang', 'pekerjaan', 'berhubungan', 'hitu']","['pasca', 'covid', 'brain', 'fog', 'hilang', 'kerja', 'hubung', 'hitu']"
27,"RT @miund: Wah, ternyata Indonesia masuk ranking nomer sekian ya dalam penanganan Covid. Semoga terus membaik ke depannya. 

That should‚Äôve‚Ä¶",neg,"rt @miund: wah, ternyata indonesia masuk ranking nomer sekian ya dalam penanganan covid. semoga terus membaik ke depannya. 

that should‚Äôve‚Ä¶","rt : wah, ternyata indonesia masuk ranking nomer sekian ya dalam penanganan covid. semoga terus membaik ke depannya. 

that should‚Äôve‚Ä¶",  wah ternyata indonesia masuk ranking nomer sekian ya dalam penanganan covid semoga terus membaik ke depannya that shouldve,"['wah', 'ternyata', 'indonesia', 'masuk', 'ranking', 'nomer', 'sekian', 'ya', 'dalam', 'penanganan', 'covid', 'semoga', 'terus', 'membaik', 'ke', 'depannya', 'that', 'shouldve']","['wah', 'ternyata', 'indonesia', 'masuk', 'ranking', 'nomer', 'sekian', 'ya', 'dalam', 'penanganan', 'covid', 'semoga', 'terus', 'membaik', 'ke', 'depannya', 'that', 'shouldve']","['indonesia', 'masuk', 'ranking', 'nomer', 'sekian', 'penanganan', 'covid', 'semoga', 'membaik', 'depannya', 'that', 'shouldve']","['indonesia', 'masuk', 'ranking', 'nomer', 'sekian', 'tangan', 'covid', 'moga', 'baik', 'depan', 'that', 'shouldve']"
28,Data Kasus Positif dan Kematian Covid-19  sampai 10 Oktober 2021 https://t.co/Ws1Nj7aftW https://t.co/fjWbBCLik1,neutral,data kasus positif dan kematian covid-19  sampai 10 oktober 2021 https://t.co/ws1nj7aftw https://t.co/fjwbbclik1,data kasus positif dan kematian covid-19  sampai 10 oktober 2021 https://t.co/ws1nj7aftw https://t.co/fjwbbclik1,data kasus positif dan kematian covid sampai  oktober ,"['data', 'kasus', 'positif', 'dan', 'kematian', 'covid', 'sampai', 'oktober']","['data', 'kasus', 'positif', 'dan', 'kematian', 'covid', 'sampai', 'oktober']","['data', 'positif', 'kematian', 'covid', 'oktober']","['data', 'positif', 'mati', 'covid', 'oktober']"
29,"RT @edjunaidi: Again, guys. Dr Siti Mariah. India sendiri pun dah stop Ivermectin dari list of Covid-19 treatment. ü§∑‚Äç‚ôÇÔ∏è",neutral,"rt @edjunaidi: again, guys. dr siti mariah. india sendiri pun dah stop ivermectin dari list of covid-19 treatment. ü§∑‚Äç‚ôÇÔ∏è","rt : again, guys. dr siti mariah. india sendiri pun dah stop ivermectin dari list of covid-19 treatment. ü§∑‚Äç‚ôÇÔ∏è",  again guys dr siti mariah india sendiri pun dah stop ivermectin dari list of covid treatment ,"['again', 'guys', 'dr', 'siti', 'mariah', 'india', 'sendiri', 'pun', 'dah', 'stop', 'ivermectin', 'dari', 'list', 'of', 'covid', 'treatment']","['again', 'guys', 'dari', 'siti', 'mariah', 'india', 'sendiri', 'punah', 'sudah', 'stop', 'ivermectin', 'dari', 'list', 'of', 'covid', 'treatment']","['again', 'guys', 'siti', 'mariah', 'india', 'punah', 'stop', 'ivermectin', 'list', 'of', 'covid', 'treatment']","['again', 'guys', 'siti', 'mariah', 'india', 'punah', 'stop', 'ivermectin', 'list', 'of', 'covid', 'treatment']"
30,"RT @AfiqMahadhir: 6. MAURITANIA
- Negative Covid Test
- Kuarantin 10 hari
- Lain2 info tidak lengkap https://t.co/P7FZB0qrUr",neg,"rt @afiqmahadhir: 6. mauritania
- negative covid test
- kuarantin 10 hari
- lain2 info tidak lengkap https://t.co/p7fzb0qrur","rt : 6. mauritania
- negative covid test
- kuarantin 10 hari
- lain2 info tidak lengkap https://t.co/p7fzb0qrur",   mauritania  negative covid test  kuarantin  hari  lain info tidak lengkap,"['mauritania', 'negative', 'covid', 'test', 'kuarantin', 'hari', 'lain', 'info', 'tidak', 'lengkap']","['mauritania', 'negative', 'covid', 'tes', 'kuarantin', 'hari', 'lain', 'info', 'tidak', 'lengkap']","['mauritania', 'negative', 'covid', 'tes', 'kuarantin', 'info', 'lengkap']","['mauritania', 'negative', 'covid', 'tes', 'kuarantin', 'info', 'lengkap']"
31,"Polisi Italia menangkap 12 orang, termasuk pejabat tinggi partai sayap kanan ekstrem Forza Nuova, menyusul bentroka‚Ä¶ https://t.co/htFkFBbMkJ",neutral,"polisi italia menangkap 12 orang, termasuk pejabat tinggi partai sayap kanan ekstrem forza nuova, menyusul bentroka‚Ä¶ https://t.co/htfkfbbmkj","polisi italia menangkap 12 orang, termasuk pejabat tinggi partai sayap kanan ekstrem forza nuova, menyusul bentroka‚Ä¶ https://t.co/htfkfbbmkj",polisi italia menangkap  orang termasuk pejabat tinggi paai sayap kanan ekstrem forza nuova menyusul bentroka,"['polisi', 'italia', 'menangkap', 'orang', 'termasuk', 'pejabat', 'tinggi', 'paai', 'sayap', 'kanan', 'ekstrem', 'forza', 'nuova', 'menyusul', 'bentroka']","['polisi', 'italia', 'menangkap', 'orang', 'termasuk', 'pejabat', 'tinggi', 'paai', 'sayap', 'kanan', 'ekstrem', 'forza', 'nuova', 'menyusul', 'bentroka']","['polisi', 'italia', 'menangkap', 'orang', 'pejabat', 'paai', 'sayap', 'kanan', 'ekstrem', 'forza', 'nuova', 'menyusul', 'bentroka']","['polisi', 'italia', 'tangkap', 'orang', 'jabat', 'paai', 'sayap', 'kanan', 'ekstrem', 'forza', 'nuova', 'susul', 'bentroka']"
32,@Yahoo_ID Kasian Covid-19 jadi tumbal terus.. dipojokan dan disalahkan,neg,@yahoo_id kasian covid-19 jadi tumbal terus.. dipojokan dan disalahkan, kasian covid-19 jadi tumbal terus.. dipojokan dan disalahkan,kasian covid jadi tumbal terus dipojokan dan disalahkan,"['kasian', 'covid', 'jadi', 'tumbal', 'terus', 'dipojokan', 'dan', 'disalahkan']","['kasihan', 'covid', 'jadi', 'tumbal', 'terus', 'dipojokan', 'dan', 'disalahkan']","['kasihan', 'covid', 'tumbal', 'dipojokan', 'disalahkan']","['kasihan', 'covid', 'tumbal', 'pojok', 'salah']"
33,@prilsssssss Makanya kita udah pernah ngobrol sih andai Papi kena covid gimana. JH diangkut buat karantina di rumah‚Ä¶ https://t.co/EgQcTWvQqt,pos,@prilsssssss makanya kita udah pernah ngobrol sih andai papi kena covid gimana. jh diangkut buat karantina di rumah‚Ä¶ https://t.co/egqctwvqqt, makanya kita udah pernah ngobrol sih andai papi kena covid gimana. jh diangkut buat karantina di rumah‚Ä¶ https://t.co/egqctwvqqt,makanya kita udah pernah ngobrol sih andai papi kena covid gimana jh diangkut buat karantina di rumah,"['makanya', 'kita', 'udah', 'pernah', 'ngobrol', 'sih', 'andai', 'papi', 'kena', 'covid', 'gimana', 'jh', 'diangkut', 'buat', 'karantina', 'di', 'rumah']","['makanya', 'kita', 'sudah', 'pernah', 'mengobrol', 'sih', 'andai', 'papi', 'kena', 'covid', 'bagaimana', 'jh', 'diangkut', 'buat', 'karantina', 'di', 'rumah']","['mengobrol', 'andai', 'papi', 'kena', 'covid', 'jh', 'diangkut', 'karantina', 'rumah']","['obrol', 'andai', 'papi', 'kena', 'covid', 'jh', 'angkut', 'karantina', 'rumah']"
34,"RT @BuletinTV3: COVID-19 | 7,373 kes harian baharu dilaporkan. https://t.co/KZsnBiLz20",neutral,"rt @buletintv3: covid-19 | 7,373 kes harian baharu dilaporkan. https://t.co/kzsnbilz20","rt : covid-19 | 7,373 kes harian baharu dilaporkan. https://t.co/kzsnbilz20",  covid   kes harian baharu dilaporkan,"['covid', 'kes', 'harian', 'baharu', 'dilaporkan']","['covid', 'kes', 'harian', 'baharu', 'dilaporkan']","['covid', 'kes', 'harian', 'baharu', 'dilaporkan']","['covid', 'kes', 'hari', 'baharu', 'lapor']"
35,Sedangkan kasus kematian bertambah 52 kematian hari ini menjadi total kematian akibat Covid-19 sebanyak 142.612 ora‚Ä¶ https://t.co/zxjf35qUbG,pos,sedangkan kasus kematian bertambah 52 kematian hari ini menjadi total kematian akibat covid-19 sebanyak 142.612 ora‚Ä¶ https://t.co/zxjf35qubg,sedangkan kasus kematian bertambah 52 kematian hari ini menjadi total kematian akibat covid-19 sebanyak 142.612 ora‚Ä¶ https://t.co/zxjf35qubg,sedangkan kasus kematian beambah  kematian hari ini menjadi total kematian akibat covid sebanyak  ora,"['sedangkan', 'kasus', 'kematian', 'beambah', 'kematian', 'hari', 'ini', 'menjadi', 'total', 'kematian', 'akibat', 'covid', 'sebanyak', 'ora']","['sedangkan', 'kasus', 'kematian', 'beambah', 'kematian', 'hari', 'ini', 'menjadi', 'total', 'kematian', 'akibat', 'covid', 'sebanyak', 'tidak']","['kematian', 'beambah', 'kematian', 'total', 'kematian', 'akibat', 'covid']","['mati', 'beambah', 'mati', 'total', 'mati', 'akibat', 'covid']"
36,"RT @hazman92_: Siapa yang ambil Sinovac, masih dikategorikan sebagai unvaccinated daripada government UK yaa. Still kena kuarantin 10 days‚Ä¶",neutral,"rt @hazman92_: siapa yang ambil sinovac, masih dikategorikan sebagai unvaccinated daripada government uk yaa. still kena kuarantin 10 days‚Ä¶","rt : siapa yang ambil sinovac, masih dikategorikan sebagai unvaccinated daripada government uk yaa. still kena kuarantin 10 days‚Ä¶",  siapa yang ambil sinovac masih dikategorikan sebagai unvaccinated daripada government uk yaa still kena kuarantin  days,"['siapa', 'yang', 'ambil', 'sinovac', 'masih', 'dikategorikan', 'sebagai', 'unvaccinated', 'daripada', 'government', 'uk', 'yaa', 'still', 'kena', 'kuarantin', 'days']","['siapa', 'yang', 'ambil', 'sinovac', 'masih', 'dikategorikan', 'sebagai', 'unvaccinated', 'daripada', 'government', 'united kingdom', 'ya', 'still', 'kena', 'kuarantin', 'days']","['ambil', 'sinovac', 'dikategorikan', 'unvaccinated', 'government', 'united kingdom', 'still', 'kena', 'kuarantin', 'days']","['ambil', 'sinovac', 'kategori', 'unvaccinated', 'government', 'united kingdom', 'still', 'kena', 'kuarantin', 'days']"
37,"RT @Jhonkosmik: Mall dan bioskop di buka, PON serta pilkada digelar.
Sementara hari libur Maulid diundur dengan alasan Covid.

Republik Wak‚Ä¶",neg,"rt @jhonkosmik: mall dan bioskop di buka, pon serta pilkada digelar.
sementara hari libur maulid diundur dengan alasan covid.

republik wak‚Ä¶","rt : mall dan bioskop di buka, pon serta pilkada digelar.
sementara hari libur maulid diundur dengan alasan covid.

republik wak‚Ä¶",  mall dan bioskop di buka pon sea pilkada digelar sementara hari libur maulid diundur dengan alasan covid republik wak,"['mall', 'dan', 'bioskop', 'di', 'buka', 'pon', 'sea', 'pilkada', 'digelar', 'sementara', 'hari', 'libur', 'maulid', 'diundur', 'dengan', 'alasan', 'covid', 'republik', 'wak']","['mal', 'dan', 'bioskop', 'di', 'buka', 'pon', 'sea', 'pilihan kepala daerah', 'digelar', 'sementara', 'hari', 'libur', 'maulid', 'diundur', 'dengan', 'alasan', 'covid', 'republik', 'wak']","['mal', 'bioskop', 'buka', 'pon', 'sea', 'pilihan kepala daerah', 'digelar', 'libur', 'maulid', 'diundur', 'alasan', 'covid', 'republik', 'wak']","['mal', 'bioskop', 'buka', 'pon', 'sea', 'pilih kepala daerah', 'gelar', 'libur', 'maulid', 'undur', 'alas', 'covid', 'republik', 'wak']"
