nama_twitter,tanggal_tweet,isi_tweet,label
nenughul,"10/10/2021, 12:08:28",RT @Marchfoward: Pakistan berduka hari ini apabila Abdul Qadeer Khan Bapa Nuklear Pakistan meninggal dunia pada usia 85 tahun akibat Covid‚Ä¶,neg
marc0phoenix,"10/10/2021, 12:08:24","RT @redzuanNewsMPB: Kerajaan tidak mewajibkan orang ramai yang ingin rentas negeri bermula esok untuk buat ujian swab Covid-19, namun adala‚Ä¶",neg
akufelfel,"10/10/2021, 12:08:21","Pengumuman tersebut disampaikan oleh Menteri Perhubungan Inggris Grant Shapps pada Kamis, 7 Oktober 2021, pukul 17.‚Ä¶ https://t.co/VildJgnrZ4",neutral
dannanwr_,"10/10/2021, 12:08:17","@hsnwan @anthraxxx781 Aik? Memang la, atleast terlindung juga dari covid, kalau yg tak ambik vaccine tu sah sah la‚Ä¶ https://t.co/DJytIAWuFV",pos
Hadiwidjaja10,"10/10/2021, 12:08:15",RT @purwantoraharjo: @kumur69 @ChusnulCh__ Kita lihat punya malu gak @na_dirs melihat negara2 yg dibanggakan mengalami lonjakan tinggi covi‚Ä¶,neg
Tojimato,"10/10/2021, 12:08:13","RT @nhyartsMY: Rindu nak jalan-jalan sebelum ada Covid ni... ü•∫

Kat mana tempat pertama korang akan pergi bila dah boleh rentas negeri? Let‚Ä¶",neg
RasputinKW,"10/10/2021, 12:08:12","@ProfesorZubairi Ini ""karen covid 19 atau dengan covid 19"" Prof??",neg
akufelfel,"10/10/2021, 12:08:10",Indonesia resmi keluar dari kategori ‚Äòred list‚Äô atau daftar zona merah Covid-19 versi Inggris terhitung mulai Senin‚Ä¶ https://t.co/JxsfjWWRpp,pos
shadows2004_,"10/10/2021, 12:08:10","RT @thatasyofian: selain melakukan vaksinasi Covid-19 di Desa Sukamantri, pihak Calvin juga memberikan pelayanan untuk masyarakat sekitar d‚Ä¶",pos
anslysa_,"10/10/2021, 12:08:10",RT @XavierNaxa: Kit ujian kendiri boleh dibeli serendah RM16.50. Buatlah saringan Covid-19 sebelum pulang ke kampung walaupun kita merasaka‚Ä¶,neutral
SwaranewsC,"10/10/2021, 12:08:10","https://t.co/nk3g9NTdey¬†- Pemulihan ekonomi masyarakat menjadi salah satu prioritas utama Wali Kota Surabaya, Eri C‚Ä¶ https://t.co/zUIyh6zB1L",pos
YRadianto,"10/10/2021, 12:08:08","RT @Pencerah__: I. Budiman Sudjatmiko menyampaikan bahwa, pandemi Covid-19 memaksa manusia untuk berpikir ilmiah serta harus berdasarkan da‚Ä¶",neutral
Tojimato,"10/10/2021, 12:08:07","RT @reezal_merican: Setelah lebih setahun kita bergelut dlm pandemik COVID-19, #HSN2021 membawa simbol besar kali ini iaitu kejayaan Malays‚Ä¶",pos
Nafiqah07,"10/10/2021, 12:08:05","RT @FarisNazrin18: 2 tahun lalu sebelum COVID-19 melanda, aku pernah termenung lama di atas jambatan ini waktu lunch break. Jauh aku terfik‚Ä¶",neg
pithivierrz,"10/10/2021, 12:08:05","RT @taerajin_: menurut pemberitauan dri temn ku, di USA kondisi covid udh ga begitu buruk lgi dri seblmnya, tapi mereka msh mengikuti proto‚Ä¶",neutral
msianinsight,"10/10/2021, 12:08:04",24 hari kes pulih melebihi jangkitan baharu Covid-19 https://t.co/oKOzOCdZOU,neutral
KabarSiang,"10/10/2021, 12:08:04","Kasus Covid-19 Hari Ini, DKI Jakarta Terbanyak¬† https://t.co/3c7S70YcDs",neg
Beritasatu,"10/10/2021, 12:08:01","Molnupiravir Jadi Obat Covid-19, Kemenkes: Masih Tunggu Uji Klinis BPOM
Selengkapnya: üëá #ObatCovid19
https://t.co/GoQVjPN1I7",neg
akufelfel,"10/10/2021, 12:07:59",Indonesia Resmi Keluar dari Daftar Zona Merah Covid-19 Versi Inggris #ZonaHijauCovid https://t.co/M0D7W00SCl,pos
feekau,"10/10/2021, 12:07:53",gue kira positif covid awalnyaüôÉ https://t.co/dc23y6EHXE,neg
Wn_Naz,"10/10/2021, 12:07:51","Cegah Covid-19, Polsek Basarang Patroli Dialogis Ajak Warga Bersama Patuhi Protokol¬†Kesehatan https://t.co/ZTDZwyswTy",neg
mcreativepky,"10/10/2021, 12:07:47",RT @JudiMargan2: @AaBay81 @iyuk1975 @na_dirs Otak bebal mana mungkin bisa ngasih saran... maksudmu saran dari Kadrun otak sungsang ... mere‚Ä¶,pos
Bayu56602050,"10/10/2021, 12:07:43","RT @Uki23: Kalo Covid gak terkendali ya salah Jokowi. Kalo terkendali ya jasanya @LaporCovid. Gitu lho.

Indonesia Urutan Teratas Se-Asia T‚Ä¶",neg
jengkyyyy,"10/10/2021, 12:07:37",RT @pijarpsikologi: Pandemi Covid-19 telah memberikan dampak yang cukup besar pada kesehatan mental masyarakat. Kesehatan mental adalah hak‚Ä¶,neutral
SovianCalm,"10/10/2021, 12:07:35",Diabetes Jadi Penyerta Kematian Covid-19 Tertinggi di Batam https://t.co/IKw7OeglrK,neg
RizalFathin2,"10/10/2021, 12:07:34","RT @rahahahafiz: Harga balik kampung Saliva Covid-19 Test kit RM15 sekotak!

Whatsapp: https://t.co/QPEVh1wOkj lepas tu cakap nak balik kam‚Ä¶",neg
_atikahsham,"10/10/2021, 12:07:34","Udah 3 bulan pasca covid tapi kapan yaa brain fog ini hilang.
Buat aku yang tiap hari kerjaan berhubungan sama hitu‚Ä¶ https://t.co/lRT0X6iccv",neg
eedaz_prada,"10/10/2021, 12:07:30","RT @miund: Wah, ternyata Indonesia masuk ranking nomer sekian ya dalam penanganan Covid. Semoga terus membaik ke depannya. 

That should‚Äôve‚Ä¶",neg
gokepricom,"10/10/2021, 12:07:29",Data Kasus Positif dan Kematian Covid-19  sampai 10 Oktober 2021 https://t.co/Ws1Nj7aftW https://t.co/fjWbBCLik1,neutral
fiqkgetah,"10/10/2021, 12:07:29","RT @edjunaidi: Again, guys. Dr Siti Mariah. India sendiri pun dah stop Ivermectin dari list of Covid-19 treatment. ü§∑‚Äç‚ôÇÔ∏è",neutral
diyanxyz_,"10/10/2021, 12:07:24","RT @AfiqMahadhir: 6. MAURITANIA
- Negative Covid Test
- Kuarantin 10 hari
- Lain2 info tidak lengkap https://t.co/P7FZB0qrUr",neg
kmlzzt,"10/10/2021, 12:07:23","Polisi Italia menangkap 12 orang, termasuk pejabat tinggi partai sayap kanan ekstrem Forza Nuova, menyusul bentroka‚Ä¶ https://t.co/htFkFBbMkJ",neutral
anisanaf,"10/10/2021, 12:07:23",@Yahoo_ID Kasian Covid-19 jadi tumbal terus.. dipojokan dan disalahkan,neg
heartsxflowers_,"10/10/2021, 12:07:22",@prilsssssss Makanya kita udah pernah ngobrol sih andai Papi kena covid gimana. JH diangkut buat karantina di rumah‚Ä¶ https://t.co/EgQcTWvQqt,pos
Beritasatu,"10/10/2021, 12:07:18","RT @BuletinTV3: COVID-19 | 7,373 kes harian baharu dilaporkan. https://t.co/KZsnBiLz20",neutral
heeeeeeyyaaa,"10/10/2021, 12:07:11",Sedangkan kasus kematian bertambah 52 kematian hari ini menjadi total kematian akibat Covid-19 sebanyak 142.612 ora‚Ä¶ https://t.co/zxjf35qUbG,pos
pichajahiroh,"10/10/2021, 12:07:09","RT @hazman92_: Siapa yang ambil Sinovac, masih dikategorikan sebagai unvaccinated daripada government UK yaa. Still kena kuarantin 10 days‚Ä¶",neutral
traceroute_life,"10/10/2021, 12:07:06","RT @Jhonkosmik: Mall dan bioskop di buka, PON serta pilkada digelar.
Sementara hari libur Maulid diundur dengan alasan Covid.

Republik Wak‚Ä¶",neg
